BEGIN TRANSACTION;
CREATE TABLE booked_seats (
    id           INTEGER PRIMARY KEY AUTOINCREMENT,
    bookingId    INTEGER NOT NULL REFERENCES bookings(bookingId),
    seatId       INTEGER NOT NULL REFERENCES seats(seatId),
    ticketType   TEXT    NOT NULL CHECK(ticketType IN ('Lower','Upper','VIP')),
    priceCharged REAL    NOT NULL
);
CREATE TABLE bookings (
    bookingId   INTEGER PRIMARY KEY AUTOINCREMENT,
    bookingRef  TEXT    NOT NULL UNIQUE,
    listingId   INTEGER NOT NULL REFERENCES listings(listingId),
    staffId     INTEGER NOT NULL REFERENCES users(userId),
    bookingDate TEXT    NOT NULL,  -- YYYY-MM-DD HH:MM:SS
    numTickets  INTEGER NOT NULL,
    totalCost   REAL    NOT NULL,
    status      TEXT    NOT NULL DEFAULT 'Confirmed'
                        CHECK(status IN ('Confirmed','Cancelled'))
);
CREATE TABLE cancellations (
    cancellationId INTEGER PRIMARY KEY AUTOINCREMENT,
    bookingRef     TEXT    NOT NULL UNIQUE REFERENCES bookings(bookingRef),
    cancelDate     TEXT    NOT NULL,   -- YYYY-MM-DD HH:MM:SS
    refundAmount   REAL    NOT NULL,
    chargeRate     REAL    NOT NULL DEFAULT 0.5
);
CREATE TABLE cinemas (
    cinemaId INTEGER PRIMARY KEY AUTOINCREMENT,
    name     TEXT    NOT NULL,
    city     TEXT    NOT NULL,
    address  TEXT    NOT NULL
);
INSERT INTO "cinemas" VALUES(1,'Horizon West End','London','1 Leicester Square, London');
INSERT INTO "cinemas" VALUES(2,'Horizon Canary Wharf','London','25 Churchill Place, London');
INSERT INTO "cinemas" VALUES(3,'Horizon Cabot','Bristol','5 Cabot Circus, Bristol');
INSERT INTO "cinemas" VALUES(4,'Horizon Cardiff Bay','Cardiff','Mermaid Quay, Cardiff');
CREATE TABLE films (
    filmId      INTEGER PRIMARY KEY AUTOINCREMENT,
    title       TEXT    NOT NULL,
    description TEXT,
    genre       TEXT,
    ageRating   TEXT,
    actors      TEXT
);
INSERT INTO "films" VALUES(1,'Galactic Odyssey','An epic journey across star systems.','Sci-Fi','PG-13','Jane Doe, John Smith');
INSERT INTO "films" VALUES(2,'The Last Ember','A war drama set in 1944 Europe.','Drama','15','Alice Brown, Robert Green');
INSERT INTO "films" VALUES(3,'Laugh Out Loud','A hilarious family comedy.','Comedy','PG','Tom White, Lucy Black');
INSERT INTO "films" VALUES(4,'Shadow Protocol','A gripping spy thriller.','Thriller','15','Chris Stone, Emma Lake');
INSERT INTO "films" VALUES(5,'Roar of the Wild','Documentary about African wildlife.','Documentary','U','David Attenborough Jr.');
CREATE TABLE listings (
    listingId INTEGER PRIMARY KEY AUTOINCREMENT,
    filmId    INTEGER NOT NULL REFERENCES films(filmId),
    screenId  INTEGER NOT NULL REFERENCES screens(screenId),
    showDate  TEXT    NOT NULL,   -- YYYY-MM-DD
    showTime  TEXT    NOT NULL,   -- HH:MM
    showType  TEXT    NOT NULL CHECK(showType IN ('Standard','IMAX','3D','Directors'))
);
INSERT INTO "listings" VALUES(1,1,1,'2026-05-03','10:00','Standard');
INSERT INTO "listings" VALUES(2,1,1,'2026-05-03','13:30','IMAX');
INSERT INTO "listings" VALUES(3,2,2,'2026-05-03','16:00','3D');
INSERT INTO "listings" VALUES(4,3,1,'2026-05-03','18:30','Standard');
INSERT INTO "listings" VALUES(5,4,3,'2026-05-03','20:00','Directors');
INSERT INTO "listings" VALUES(6,5,4,'2026-05-03','11:00','Standard');
INSERT INTO "listings" VALUES(7,1,1,'2026-05-04','10:00','Standard');
INSERT INTO "listings" VALUES(8,1,1,'2026-05-04','13:30','IMAX');
INSERT INTO "listings" VALUES(9,2,2,'2026-05-04','16:00','3D');
INSERT INTO "listings" VALUES(10,3,1,'2026-05-04','18:30','Standard');
INSERT INTO "listings" VALUES(11,4,3,'2026-05-04','20:00','Directors');
INSERT INTO "listings" VALUES(12,5,4,'2026-05-04','11:00','Standard');
INSERT INTO "listings" VALUES(13,1,1,'2026-05-05','10:00','Standard');
INSERT INTO "listings" VALUES(14,1,1,'2026-05-05','13:30','IMAX');
INSERT INTO "listings" VALUES(15,2,2,'2026-05-05','16:00','3D');
INSERT INTO "listings" VALUES(16,3,1,'2026-05-05','18:30','Standard');
INSERT INTO "listings" VALUES(17,4,3,'2026-05-05','20:00','Directors');
INSERT INTO "listings" VALUES(18,5,4,'2026-05-05','11:00','Standard');
INSERT INTO "listings" VALUES(19,1,1,'2026-05-06','10:00','Standard');
INSERT INTO "listings" VALUES(20,1,1,'2026-05-06','13:30','IMAX');
INSERT INTO "listings" VALUES(21,2,2,'2026-05-06','16:00','3D');
INSERT INTO "listings" VALUES(22,3,1,'2026-05-06','18:30','Standard');
INSERT INTO "listings" VALUES(23,4,3,'2026-05-06','20:00','Directors');
INSERT INTO "listings" VALUES(24,5,4,'2026-05-06','11:00','Standard');
INSERT INTO "listings" VALUES(25,1,1,'2026-05-07','10:00','Standard');
INSERT INTO "listings" VALUES(26,1,1,'2026-05-07','13:30','IMAX');
INSERT INTO "listings" VALUES(27,2,2,'2026-05-07','16:00','3D');
INSERT INTO "listings" VALUES(28,3,1,'2026-05-07','18:30','Standard');
INSERT INTO "listings" VALUES(29,4,3,'2026-05-07','20:00','Directors');
INSERT INTO "listings" VALUES(30,5,4,'2026-05-07','11:00','Standard');
INSERT INTO "listings" VALUES(31,1,1,'2026-05-08','10:00','Standard');
INSERT INTO "listings" VALUES(32,1,1,'2026-05-08','13:30','IMAX');
INSERT INTO "listings" VALUES(33,2,2,'2026-05-08','16:00','3D');
INSERT INTO "listings" VALUES(34,3,1,'2026-05-08','18:30','Standard');
INSERT INTO "listings" VALUES(35,4,3,'2026-05-08','20:00','Directors');
INSERT INTO "listings" VALUES(36,5,4,'2026-05-08','11:00','Standard');
INSERT INTO "listings" VALUES(37,1,1,'2026-05-09','10:00','Standard');
INSERT INTO "listings" VALUES(38,1,1,'2026-05-09','13:30','IMAX');
INSERT INTO "listings" VALUES(39,2,2,'2026-05-09','16:00','3D');
INSERT INTO "listings" VALUES(40,3,1,'2026-05-09','18:30','Standard');
INSERT INTO "listings" VALUES(41,4,3,'2026-05-09','20:00','Directors');
INSERT INTO "listings" VALUES(42,5,4,'2026-05-09','11:00','Standard');
CREATE TABLE pricing_rules (
    ruleId    INTEGER PRIMARY KEY AUTOINCREMENT,
    city      TEXT    NOT NULL,
    showType  TEXT    NOT NULL CHECK(showType IN ('Standard','IMAX','3D','Directors')),
    basePrice REAL    NOT NULL,
    UNIQUE(city, showType)
);
INSERT INTO "pricing_rules" VALUES(1,'London','Standard',12.0);
INSERT INTO "pricing_rules" VALUES(2,'London','IMAX',16.0);
INSERT INTO "pricing_rules" VALUES(3,'London','3D',14.0);
INSERT INTO "pricing_rules" VALUES(4,'London','Directors',18.0);
INSERT INTO "pricing_rules" VALUES(5,'Bristol','Standard',10.0);
INSERT INTO "pricing_rules" VALUES(6,'Bristol','IMAX',14.0);
INSERT INTO "pricing_rules" VALUES(7,'Bristol','3D',12.0);
INSERT INTO "pricing_rules" VALUES(8,'Bristol','Directors',15.0);
INSERT INTO "pricing_rules" VALUES(9,'Cardiff','Standard',9.5);
INSERT INTO "pricing_rules" VALUES(10,'Cardiff','IMAX',13.0);
INSERT INTO "pricing_rules" VALUES(11,'Cardiff','3D',11.0);
INSERT INTO "pricing_rules" VALUES(12,'Cardiff','Directors',14.0);
CREATE TABLE screens (
    screenId          INTEGER PRIMARY KEY AUTOINCREMENT,
    cinemaId          INTEGER NOT NULL REFERENCES cinemas(cinemaId),
    screenNumber      INTEGER NOT NULL,
    totalCapacity     INTEGER NOT NULL,
    lowerHallSeats    INTEGER NOT NULL,
    upperGallerySeats INTEGER NOT NULL
);
INSERT INTO "screens" VALUES(1,1,1,120,80,40);
INSERT INTO "screens" VALUES(2,1,2,80,60,20);
INSERT INTO "screens" VALUES(3,2,1,100,70,30);
INSERT INTO "screens" VALUES(4,3,1,90,60,30);
INSERT INTO "screens" VALUES(5,4,1,85,55,30);
CREATE TABLE seats (
    seatId     INTEGER PRIMARY KEY AUTOINCREMENT,
    screenId   INTEGER NOT NULL REFERENCES screens(screenId),
    seatNumber TEXT    NOT NULL,  -- e.g. A1, B3, VIP-01
    seatType   TEXT    NOT NULL CHECK(seatType IN ('Lower','Upper','VIP'))
);
INSERT INTO "seats" VALUES(1,1,'A1','Lower');
INSERT INTO "seats" VALUES(2,1,'A2','Lower');
INSERT INTO "seats" VALUES(3,1,'A3','Lower');
INSERT INTO "seats" VALUES(4,1,'A4','Lower');
INSERT INTO "seats" VALUES(5,1,'A5','Lower');
INSERT INTO "seats" VALUES(6,1,'A6','Lower');
INSERT INTO "seats" VALUES(7,1,'A7','Lower');
INSERT INTO "seats" VALUES(8,1,'A8','Lower');
INSERT INTO "seats" VALUES(9,1,'A9','Lower');
INSERT INTO "seats" VALUES(10,1,'A10','Lower');
INSERT INTO "seats" VALUES(11,1,'B1','Lower');
INSERT INTO "seats" VALUES(12,1,'B2','Lower');
INSERT INTO "seats" VALUES(13,1,'B3','Lower');
INSERT INTO "seats" VALUES(14,1,'B4','Lower');
INSERT INTO "seats" VALUES(15,1,'B5','Lower');
INSERT INTO "seats" VALUES(16,1,'B6','Lower');
INSERT INTO "seats" VALUES(17,1,'B7','Lower');
INSERT INTO "seats" VALUES(18,1,'B8','Lower');
INSERT INTO "seats" VALUES(19,1,'B9','Lower');
INSERT INTO "seats" VALUES(20,1,'B10','Lower');
INSERT INTO "seats" VALUES(21,1,'C1','Lower');
INSERT INTO "seats" VALUES(22,1,'C2','Lower');
INSERT INTO "seats" VALUES(23,1,'C3','Lower');
INSERT INTO "seats" VALUES(24,1,'C4','Lower');
INSERT INTO "seats" VALUES(25,1,'C5','Lower');
INSERT INTO "seats" VALUES(26,1,'C6','Lower');
INSERT INTO "seats" VALUES(27,1,'C7','Lower');
INSERT INTO "seats" VALUES(28,1,'C8','Lower');
INSERT INTO "seats" VALUES(29,1,'C9','Lower');
INSERT INTO "seats" VALUES(30,1,'C10','Lower');
INSERT INTO "seats" VALUES(31,1,'D1','Lower');
INSERT INTO "seats" VALUES(32,1,'D2','Lower');
INSERT INTO "seats" VALUES(33,1,'D3','Lower');
INSERT INTO "seats" VALUES(34,1,'D4','Lower');
INSERT INTO "seats" VALUES(35,1,'D5','Lower');
INSERT INTO "seats" VALUES(36,1,'D6','Lower');
INSERT INTO "seats" VALUES(37,1,'D7','Lower');
INSERT INTO "seats" VALUES(38,1,'D8','Lower');
INSERT INTO "seats" VALUES(39,1,'D9','Lower');
INSERT INTO "seats" VALUES(40,1,'D10','Lower');
INSERT INTO "seats" VALUES(41,1,'E1','Lower');
INSERT INTO "seats" VALUES(42,1,'E2','Lower');
INSERT INTO "seats" VALUES(43,1,'E3','Lower');
INSERT INTO "seats" VALUES(44,1,'E4','Lower');
INSERT INTO "seats" VALUES(45,1,'E5','Lower');
INSERT INTO "seats" VALUES(46,1,'E6','Lower');
INSERT INTO "seats" VALUES(47,1,'E7','Lower');
INSERT INTO "seats" VALUES(48,1,'E8','Lower');
INSERT INTO "seats" VALUES(49,1,'E9','Lower');
INSERT INTO "seats" VALUES(50,1,'E10','Lower');
INSERT INTO "seats" VALUES(51,1,'F1','Lower');
INSERT INTO "seats" VALUES(52,1,'F2','Lower');
INSERT INTO "seats" VALUES(53,1,'F3','Lower');
INSERT INTO "seats" VALUES(54,1,'F4','Lower');
INSERT INTO "seats" VALUES(55,1,'F5','Lower');
INSERT INTO "seats" VALUES(56,1,'F6','Lower');
INSERT INTO "seats" VALUES(57,1,'F7','Lower');
INSERT INTO "seats" VALUES(58,1,'F8','Lower');
INSERT INTO "seats" VALUES(59,1,'F9','Lower');
INSERT INTO "seats" VALUES(60,1,'F10','Lower');
INSERT INTO "seats" VALUES(61,1,'G1','Lower');
INSERT INTO "seats" VALUES(62,1,'G2','Lower');
INSERT INTO "seats" VALUES(63,1,'G3','Lower');
INSERT INTO "seats" VALUES(64,1,'G4','Lower');
INSERT INTO "seats" VALUES(65,1,'G5','Lower');
INSERT INTO "seats" VALUES(66,1,'G6','Lower');
INSERT INTO "seats" VALUES(67,1,'G7','Lower');
INSERT INTO "seats" VALUES(68,1,'G8','Lower');
INSERT INTO "seats" VALUES(69,1,'G9','Lower');
INSERT INTO "seats" VALUES(70,1,'G10','Lower');
INSERT INTO "seats" VALUES(71,1,'H1','Lower');
INSERT INTO "seats" VALUES(72,1,'H2','Lower');
INSERT INTO "seats" VALUES(73,1,'H3','Lower');
INSERT INTO "seats" VALUES(74,1,'H4','Lower');
INSERT INTO "seats" VALUES(75,1,'H5','Lower');
INSERT INTO "seats" VALUES(76,1,'H6','Lower');
INSERT INTO "seats" VALUES(77,1,'H7','Lower');
INSERT INTO "seats" VALUES(78,1,'H8','Lower');
INSERT INTO "seats" VALUES(79,1,'H9','Lower');
INSERT INTO "seats" VALUES(80,1,'H10','Lower');
INSERT INTO "seats" VALUES(81,1,'E1','Upper');
INSERT INTO "seats" VALUES(82,1,'E2','Upper');
INSERT INTO "seats" VALUES(83,1,'E3','Upper');
INSERT INTO "seats" VALUES(84,1,'E4','Upper');
INSERT INTO "seats" VALUES(85,1,'E5','Upper');
INSERT INTO "seats" VALUES(86,1,'E6','Upper');
INSERT INTO "seats" VALUES(87,1,'E7','Upper');
INSERT INTO "seats" VALUES(88,1,'E8','Upper');
INSERT INTO "seats" VALUES(89,1,'E9','Upper');
INSERT INTO "seats" VALUES(90,1,'E10','Upper');
INSERT INTO "seats" VALUES(91,1,'F1','Upper');
INSERT INTO "seats" VALUES(92,1,'F2','Upper');
INSERT INTO "seats" VALUES(93,1,'F3','Upper');
INSERT INTO "seats" VALUES(94,1,'F4','Upper');
INSERT INTO "seats" VALUES(95,1,'F5','Upper');
INSERT INTO "seats" VALUES(96,1,'F6','Upper');
INSERT INTO "seats" VALUES(97,1,'F7','Upper');
INSERT INTO "seats" VALUES(98,1,'F8','Upper');
INSERT INTO "seats" VALUES(99,1,'F9','Upper');
INSERT INTO "seats" VALUES(100,1,'F10','Upper');
INSERT INTO "seats" VALUES(101,1,'G1','Upper');
INSERT INTO "seats" VALUES(102,1,'G2','Upper');
INSERT INTO "seats" VALUES(103,1,'G3','Upper');
INSERT INTO "seats" VALUES(104,1,'G4','Upper');
INSERT INTO "seats" VALUES(105,1,'G5','Upper');
INSERT INTO "seats" VALUES(106,1,'G6','Upper');
INSERT INTO "seats" VALUES(107,1,'G7','Upper');
INSERT INTO "seats" VALUES(108,1,'G8','Upper');
INSERT INTO "seats" VALUES(109,1,'G9','Upper');
INSERT INTO "seats" VALUES(110,1,'G10','Upper');
INSERT INTO "seats" VALUES(111,1,'H1','Upper');
INSERT INTO "seats" VALUES(112,1,'H2','Upper');
INSERT INTO "seats" VALUES(113,1,'H3','Upper');
INSERT INTO "seats" VALUES(114,1,'H4','Upper');
INSERT INTO "seats" VALUES(115,1,'H5','Upper');
INSERT INTO "seats" VALUES(116,1,'H6','Upper');
INSERT INTO "seats" VALUES(117,1,'H7','Upper');
INSERT INTO "seats" VALUES(118,1,'H8','Upper');
INSERT INTO "seats" VALUES(119,1,'H9','Upper');
INSERT INTO "seats" VALUES(120,1,'H10','Upper');
INSERT INTO "seats" VALUES(121,1,'VIP-01','VIP');
INSERT INTO "seats" VALUES(122,1,'VIP-02','VIP');
INSERT INTO "seats" VALUES(123,1,'VIP-03','VIP');
INSERT INTO "seats" VALUES(124,1,'VIP-04','VIP');
INSERT INTO "seats" VALUES(125,1,'VIP-05','VIP');
INSERT INTO "seats" VALUES(126,1,'VIP-06','VIP');
INSERT INTO "seats" VALUES(127,2,'A1','Lower');
INSERT INTO "seats" VALUES(128,2,'A2','Lower');
INSERT INTO "seats" VALUES(129,2,'A3','Lower');
INSERT INTO "seats" VALUES(130,2,'A4','Lower');
INSERT INTO "seats" VALUES(131,2,'A5','Lower');
INSERT INTO "seats" VALUES(132,2,'A6','Lower');
INSERT INTO "seats" VALUES(133,2,'A7','Lower');
INSERT INTO "seats" VALUES(134,2,'A8','Lower');
INSERT INTO "seats" VALUES(135,2,'A9','Lower');
INSERT INTO "seats" VALUES(136,2,'A10','Lower');
INSERT INTO "seats" VALUES(137,2,'B1','Lower');
INSERT INTO "seats" VALUES(138,2,'B2','Lower');
INSERT INTO "seats" VALUES(139,2,'B3','Lower');
INSERT INTO "seats" VALUES(140,2,'B4','Lower');
INSERT INTO "seats" VALUES(141,2,'B5','Lower');
INSERT INTO "seats" VALUES(142,2,'B6','Lower');
INSERT INTO "seats" VALUES(143,2,'B7','Lower');
INSERT INTO "seats" VALUES(144,2,'B8','Lower');
INSERT INTO "seats" VALUES(145,2,'B9','Lower');
INSERT INTO "seats" VALUES(146,2,'B10','Lower');
INSERT INTO "seats" VALUES(147,2,'C1','Lower');
INSERT INTO "seats" VALUES(148,2,'C2','Lower');
INSERT INTO "seats" VALUES(149,2,'C3','Lower');
INSERT INTO "seats" VALUES(150,2,'C4','Lower');
INSERT INTO "seats" VALUES(151,2,'C5','Lower');
INSERT INTO "seats" VALUES(152,2,'C6','Lower');
INSERT INTO "seats" VALUES(153,2,'C7','Lower');
INSERT INTO "seats" VALUES(154,2,'C8','Lower');
INSERT INTO "seats" VALUES(155,2,'C9','Lower');
INSERT INTO "seats" VALUES(156,2,'C10','Lower');
INSERT INTO "seats" VALUES(157,2,'D1','Lower');
INSERT INTO "seats" VALUES(158,2,'D2','Lower');
INSERT INTO "seats" VALUES(159,2,'D3','Lower');
INSERT INTO "seats" VALUES(160,2,'D4','Lower');
INSERT INTO "seats" VALUES(161,2,'D5','Lower');
INSERT INTO "seats" VALUES(162,2,'D6','Lower');
INSERT INTO "seats" VALUES(163,2,'D7','Lower');
INSERT INTO "seats" VALUES(164,2,'D8','Lower');
INSERT INTO "seats" VALUES(165,2,'D9','Lower');
INSERT INTO "seats" VALUES(166,2,'D10','Lower');
INSERT INTO "seats" VALUES(167,2,'E1','Lower');
INSERT INTO "seats" VALUES(168,2,'E2','Lower');
INSERT INTO "seats" VALUES(169,2,'E3','Lower');
INSERT INTO "seats" VALUES(170,2,'E4','Lower');
INSERT INTO "seats" VALUES(171,2,'E5','Lower');
INSERT INTO "seats" VALUES(172,2,'E6','Lower');
INSERT INTO "seats" VALUES(173,2,'E7','Lower');
INSERT INTO "seats" VALUES(174,2,'E8','Lower');
INSERT INTO "seats" VALUES(175,2,'E9','Lower');
INSERT INTO "seats" VALUES(176,2,'E10','Lower');
INSERT INTO "seats" VALUES(177,2,'F1','Lower');
INSERT INTO "seats" VALUES(178,2,'F2','Lower');
INSERT INTO "seats" VALUES(179,2,'F3','Lower');
INSERT INTO "seats" VALUES(180,2,'F4','Lower');
INSERT INTO "seats" VALUES(181,2,'F5','Lower');
INSERT INTO "seats" VALUES(182,2,'F6','Lower');
INSERT INTO "seats" VALUES(183,2,'F7','Lower');
INSERT INTO "seats" VALUES(184,2,'F8','Lower');
INSERT INTO "seats" VALUES(185,2,'F9','Lower');
INSERT INTO "seats" VALUES(186,2,'F10','Lower');
INSERT INTO "seats" VALUES(187,2,'E1','Upper');
INSERT INTO "seats" VALUES(188,2,'E2','Upper');
INSERT INTO "seats" VALUES(189,2,'E3','Upper');
INSERT INTO "seats" VALUES(190,2,'E4','Upper');
INSERT INTO "seats" VALUES(191,2,'E5','Upper');
INSERT INTO "seats" VALUES(192,2,'E6','Upper');
INSERT INTO "seats" VALUES(193,2,'E7','Upper');
INSERT INTO "seats" VALUES(194,2,'E8','Upper');
INSERT INTO "seats" VALUES(195,2,'E9','Upper');
INSERT INTO "seats" VALUES(196,2,'E10','Upper');
INSERT INTO "seats" VALUES(197,2,'F1','Upper');
INSERT INTO "seats" VALUES(198,2,'F2','Upper');
INSERT INTO "seats" VALUES(199,2,'F3','Upper');
INSERT INTO "seats" VALUES(200,2,'F4','Upper');
INSERT INTO "seats" VALUES(201,2,'F5','Upper');
INSERT INTO "seats" VALUES(202,2,'F6','Upper');
INSERT INTO "seats" VALUES(203,2,'F7','Upper');
INSERT INTO "seats" VALUES(204,2,'F8','Upper');
INSERT INTO "seats" VALUES(205,2,'F9','Upper');
INSERT INTO "seats" VALUES(206,2,'F10','Upper');
INSERT INTO "seats" VALUES(207,2,'VIP-01','VIP');
INSERT INTO "seats" VALUES(208,2,'VIP-02','VIP');
INSERT INTO "seats" VALUES(209,2,'VIP-03','VIP');
INSERT INTO "seats" VALUES(210,2,'VIP-04','VIP');
INSERT INTO "seats" VALUES(211,2,'VIP-05','VIP');
INSERT INTO "seats" VALUES(212,2,'VIP-06','VIP');
INSERT INTO "seats" VALUES(213,3,'A1','Lower');
INSERT INTO "seats" VALUES(214,3,'A2','Lower');
INSERT INTO "seats" VALUES(215,3,'A3','Lower');
INSERT INTO "seats" VALUES(216,3,'A4','Lower');
INSERT INTO "seats" VALUES(217,3,'A5','Lower');
INSERT INTO "seats" VALUES(218,3,'A6','Lower');
INSERT INTO "seats" VALUES(219,3,'A7','Lower');
INSERT INTO "seats" VALUES(220,3,'A8','Lower');
INSERT INTO "seats" VALUES(221,3,'A9','Lower');
INSERT INTO "seats" VALUES(222,3,'A10','Lower');
INSERT INTO "seats" VALUES(223,3,'B1','Lower');
INSERT INTO "seats" VALUES(224,3,'B2','Lower');
INSERT INTO "seats" VALUES(225,3,'B3','Lower');
INSERT INTO "seats" VALUES(226,3,'B4','Lower');
INSERT INTO "seats" VALUES(227,3,'B5','Lower');
INSERT INTO "seats" VALUES(228,3,'B6','Lower');
INSERT INTO "seats" VALUES(229,3,'B7','Lower');
INSERT INTO "seats" VALUES(230,3,'B8','Lower');
INSERT INTO "seats" VALUES(231,3,'B9','Lower');
INSERT INTO "seats" VALUES(232,3,'B10','Lower');
INSERT INTO "seats" VALUES(233,3,'C1','Lower');
INSERT INTO "seats" VALUES(234,3,'C2','Lower');
INSERT INTO "seats" VALUES(235,3,'C3','Lower');
INSERT INTO "seats" VALUES(236,3,'C4','Lower');
INSERT INTO "seats" VALUES(237,3,'C5','Lower');
INSERT INTO "seats" VALUES(238,3,'C6','Lower');
INSERT INTO "seats" VALUES(239,3,'C7','Lower');
INSERT INTO "seats" VALUES(240,3,'C8','Lower');
INSERT INTO "seats" VALUES(241,3,'C9','Lower');
INSERT INTO "seats" VALUES(242,3,'C10','Lower');
INSERT INTO "seats" VALUES(243,3,'D1','Lower');
INSERT INTO "seats" VALUES(244,3,'D2','Lower');
INSERT INTO "seats" VALUES(245,3,'D3','Lower');
INSERT INTO "seats" VALUES(246,3,'D4','Lower');
INSERT INTO "seats" VALUES(247,3,'D5','Lower');
INSERT INTO "seats" VALUES(248,3,'D6','Lower');
INSERT INTO "seats" VALUES(249,3,'D7','Lower');
INSERT INTO "seats" VALUES(250,3,'D8','Lower');
INSERT INTO "seats" VALUES(251,3,'D9','Lower');
INSERT INTO "seats" VALUES(252,3,'D10','Lower');
INSERT INTO "seats" VALUES(253,3,'E1','Lower');
INSERT INTO "seats" VALUES(254,3,'E2','Lower');
INSERT INTO "seats" VALUES(255,3,'E3','Lower');
INSERT INTO "seats" VALUES(256,3,'E4','Lower');
INSERT INTO "seats" VALUES(257,3,'E5','Lower');
INSERT INTO "seats" VALUES(258,3,'E6','Lower');
INSERT INTO "seats" VALUES(259,3,'E7','Lower');
INSERT INTO "seats" VALUES(260,3,'E8','Lower');
INSERT INTO "seats" VALUES(261,3,'E9','Lower');
INSERT INTO "seats" VALUES(262,3,'E10','Lower');
INSERT INTO "seats" VALUES(263,3,'F1','Lower');
INSERT INTO "seats" VALUES(264,3,'F2','Lower');
INSERT INTO "seats" VALUES(265,3,'F3','Lower');
INSERT INTO "seats" VALUES(266,3,'F4','Lower');
INSERT INTO "seats" VALUES(267,3,'F5','Lower');
INSERT INTO "seats" VALUES(268,3,'F6','Lower');
INSERT INTO "seats" VALUES(269,3,'F7','Lower');
INSERT INTO "seats" VALUES(270,3,'F8','Lower');
INSERT INTO "seats" VALUES(271,3,'F9','Lower');
INSERT INTO "seats" VALUES(272,3,'F10','Lower');
INSERT INTO "seats" VALUES(273,3,'G1','Lower');
INSERT INTO "seats" VALUES(274,3,'G2','Lower');
INSERT INTO "seats" VALUES(275,3,'G3','Lower');
INSERT INTO "seats" VALUES(276,3,'G4','Lower');
INSERT INTO "seats" VALUES(277,3,'G5','Lower');
INSERT INTO "seats" VALUES(278,3,'G6','Lower');
INSERT INTO "seats" VALUES(279,3,'G7','Lower');
INSERT INTO "seats" VALUES(280,3,'G8','Lower');
INSERT INTO "seats" VALUES(281,3,'G9','Lower');
INSERT INTO "seats" VALUES(282,3,'G10','Lower');
INSERT INTO "seats" VALUES(283,3,'E1','Upper');
INSERT INTO "seats" VALUES(284,3,'E2','Upper');
INSERT INTO "seats" VALUES(285,3,'E3','Upper');
INSERT INTO "seats" VALUES(286,3,'E4','Upper');
INSERT INTO "seats" VALUES(287,3,'E5','Upper');
INSERT INTO "seats" VALUES(288,3,'E6','Upper');
INSERT INTO "seats" VALUES(289,3,'E7','Upper');
INSERT INTO "seats" VALUES(290,3,'E8','Upper');
INSERT INTO "seats" VALUES(291,3,'E9','Upper');
INSERT INTO "seats" VALUES(292,3,'E10','Upper');
INSERT INTO "seats" VALUES(293,3,'F1','Upper');
INSERT INTO "seats" VALUES(294,3,'F2','Upper');
INSERT INTO "seats" VALUES(295,3,'F3','Upper');
INSERT INTO "seats" VALUES(296,3,'F4','Upper');
INSERT INTO "seats" VALUES(297,3,'F5','Upper');
INSERT INTO "seats" VALUES(298,3,'F6','Upper');
INSERT INTO "seats" VALUES(299,3,'F7','Upper');
INSERT INTO "seats" VALUES(300,3,'F8','Upper');
INSERT INTO "seats" VALUES(301,3,'F9','Upper');
INSERT INTO "seats" VALUES(302,3,'F10','Upper');
INSERT INTO "seats" VALUES(303,3,'G1','Upper');
INSERT INTO "seats" VALUES(304,3,'G2','Upper');
INSERT INTO "seats" VALUES(305,3,'G3','Upper');
INSERT INTO "seats" VALUES(306,3,'G4','Upper');
INSERT INTO "seats" VALUES(307,3,'G5','Upper');
INSERT INTO "seats" VALUES(308,3,'G6','Upper');
INSERT INTO "seats" VALUES(309,3,'G7','Upper');
INSERT INTO "seats" VALUES(310,3,'G8','Upper');
INSERT INTO "seats" VALUES(311,3,'G9','Upper');
INSERT INTO "seats" VALUES(312,3,'G10','Upper');
INSERT INTO "seats" VALUES(313,3,'VIP-01','VIP');
INSERT INTO "seats" VALUES(314,3,'VIP-02','VIP');
INSERT INTO "seats" VALUES(315,3,'VIP-03','VIP');
INSERT INTO "seats" VALUES(316,3,'VIP-04','VIP');
INSERT INTO "seats" VALUES(317,3,'VIP-05','VIP');
INSERT INTO "seats" VALUES(318,3,'VIP-06','VIP');
INSERT INTO "seats" VALUES(319,4,'A1','Lower');
INSERT INTO "seats" VALUES(320,4,'A2','Lower');
INSERT INTO "seats" VALUES(321,4,'A3','Lower');
INSERT INTO "seats" VALUES(322,4,'A4','Lower');
INSERT INTO "seats" VALUES(323,4,'A5','Lower');
INSERT INTO "seats" VALUES(324,4,'A6','Lower');
INSERT INTO "seats" VALUES(325,4,'A7','Lower');
INSERT INTO "seats" VALUES(326,4,'A8','Lower');
INSERT INTO "seats" VALUES(327,4,'A9','Lower');
INSERT INTO "seats" VALUES(328,4,'A10','Lower');
INSERT INTO "seats" VALUES(329,4,'B1','Lower');
INSERT INTO "seats" VALUES(330,4,'B2','Lower');
INSERT INTO "seats" VALUES(331,4,'B3','Lower');
INSERT INTO "seats" VALUES(332,4,'B4','Lower');
INSERT INTO "seats" VALUES(333,4,'B5','Lower');
INSERT INTO "seats" VALUES(334,4,'B6','Lower');
INSERT INTO "seats" VALUES(335,4,'B7','Lower');
INSERT INTO "seats" VALUES(336,4,'B8','Lower');
INSERT INTO "seats" VALUES(337,4,'B9','Lower');
INSERT INTO "seats" VALUES(338,4,'B10','Lower');
INSERT INTO "seats" VALUES(339,4,'C1','Lower');
INSERT INTO "seats" VALUES(340,4,'C2','Lower');
INSERT INTO "seats" VALUES(341,4,'C3','Lower');
INSERT INTO "seats" VALUES(342,4,'C4','Lower');
INSERT INTO "seats" VALUES(343,4,'C5','Lower');
INSERT INTO "seats" VALUES(344,4,'C6','Lower');
INSERT INTO "seats" VALUES(345,4,'C7','Lower');
INSERT INTO "seats" VALUES(346,4,'C8','Lower');
INSERT INTO "seats" VALUES(347,4,'C9','Lower');
INSERT INTO "seats" VALUES(348,4,'C10','Lower');
INSERT INTO "seats" VALUES(349,4,'D1','Lower');
INSERT INTO "seats" VALUES(350,4,'D2','Lower');
INSERT INTO "seats" VALUES(351,4,'D3','Lower');
INSERT INTO "seats" VALUES(352,4,'D4','Lower');
INSERT INTO "seats" VALUES(353,4,'D5','Lower');
INSERT INTO "seats" VALUES(354,4,'D6','Lower');
INSERT INTO "seats" VALUES(355,4,'D7','Lower');
INSERT INTO "seats" VALUES(356,4,'D8','Lower');
INSERT INTO "seats" VALUES(357,4,'D9','Lower');
INSERT INTO "seats" VALUES(358,4,'D10','Lower');
INSERT INTO "seats" VALUES(359,4,'E1','Lower');
INSERT INTO "seats" VALUES(360,4,'E2','Lower');
INSERT INTO "seats" VALUES(361,4,'E3','Lower');
INSERT INTO "seats" VALUES(362,4,'E4','Lower');
INSERT INTO "seats" VALUES(363,4,'E5','Lower');
INSERT INTO "seats" VALUES(364,4,'E6','Lower');
INSERT INTO "seats" VALUES(365,4,'E7','Lower');
INSERT INTO "seats" VALUES(366,4,'E8','Lower');
INSERT INTO "seats" VALUES(367,4,'E9','Lower');
INSERT INTO "seats" VALUES(368,4,'E10','Lower');
INSERT INTO "seats" VALUES(369,4,'F1','Lower');
INSERT INTO "seats" VALUES(370,4,'F2','Lower');
INSERT INTO "seats" VALUES(371,4,'F3','Lower');
INSERT INTO "seats" VALUES(372,4,'F4','Lower');
INSERT INTO "seats" VALUES(373,4,'F5','Lower');
INSERT INTO "seats" VALUES(374,4,'F6','Lower');
INSERT INTO "seats" VALUES(375,4,'F7','Lower');
INSERT INTO "seats" VALUES(376,4,'F8','Lower');
INSERT INTO "seats" VALUES(377,4,'F9','Lower');
INSERT INTO "seats" VALUES(378,4,'F10','Lower');
INSERT INTO "seats" VALUES(379,4,'E1','Upper');
INSERT INTO "seats" VALUES(380,4,'E2','Upper');
INSERT INTO "seats" VALUES(381,4,'E3','Upper');
INSERT INTO "seats" VALUES(382,4,'E4','Upper');
INSERT INTO "seats" VALUES(383,4,'E5','Upper');
INSERT INTO "seats" VALUES(384,4,'E6','Upper');
INSERT INTO "seats" VALUES(385,4,'E7','Upper');
INSERT INTO "seats" VALUES(386,4,'E8','Upper');
INSERT INTO "seats" VALUES(387,4,'E9','Upper');
INSERT INTO "seats" VALUES(388,4,'E10','Upper');
INSERT INTO "seats" VALUES(389,4,'F1','Upper');
INSERT INTO "seats" VALUES(390,4,'F2','Upper');
INSERT INTO "seats" VALUES(391,4,'F3','Upper');
INSERT INTO "seats" VALUES(392,4,'F4','Upper');
INSERT INTO "seats" VALUES(393,4,'F5','Upper');
INSERT INTO "seats" VALUES(394,4,'F6','Upper');
INSERT INTO "seats" VALUES(395,4,'F7','Upper');
INSERT INTO "seats" VALUES(396,4,'F8','Upper');
INSERT INTO "seats" VALUES(397,4,'F9','Upper');
INSERT INTO "seats" VALUES(398,4,'F10','Upper');
INSERT INTO "seats" VALUES(399,4,'G1','Upper');
INSERT INTO "seats" VALUES(400,4,'G2','Upper');
INSERT INTO "seats" VALUES(401,4,'G3','Upper');
INSERT INTO "seats" VALUES(402,4,'G4','Upper');
INSERT INTO "seats" VALUES(403,4,'G5','Upper');
INSERT INTO "seats" VALUES(404,4,'G6','Upper');
INSERT INTO "seats" VALUES(405,4,'G7','Upper');
INSERT INTO "seats" VALUES(406,4,'G8','Upper');
INSERT INTO "seats" VALUES(407,4,'G9','Upper');
INSERT INTO "seats" VALUES(408,4,'G10','Upper');
INSERT INTO "seats" VALUES(409,4,'VIP-01','VIP');
INSERT INTO "seats" VALUES(410,4,'VIP-02','VIP');
INSERT INTO "seats" VALUES(411,4,'VIP-03','VIP');
INSERT INTO "seats" VALUES(412,4,'VIP-04','VIP');
INSERT INTO "seats" VALUES(413,4,'VIP-05','VIP');
INSERT INTO "seats" VALUES(414,4,'VIP-06','VIP');
INSERT INTO "seats" VALUES(415,5,'A1','Lower');
INSERT INTO "seats" VALUES(416,5,'A2','Lower');
INSERT INTO "seats" VALUES(417,5,'A3','Lower');
INSERT INTO "seats" VALUES(418,5,'A4','Lower');
INSERT INTO "seats" VALUES(419,5,'A5','Lower');
INSERT INTO "seats" VALUES(420,5,'A6','Lower');
INSERT INTO "seats" VALUES(421,5,'A7','Lower');
INSERT INTO "seats" VALUES(422,5,'A8','Lower');
INSERT INTO "seats" VALUES(423,5,'A9','Lower');
INSERT INTO "seats" VALUES(424,5,'A10','Lower');
INSERT INTO "seats" VALUES(425,5,'B1','Lower');
INSERT INTO "seats" VALUES(426,5,'B2','Lower');
INSERT INTO "seats" VALUES(427,5,'B3','Lower');
INSERT INTO "seats" VALUES(428,5,'B4','Lower');
INSERT INTO "seats" VALUES(429,5,'B5','Lower');
INSERT INTO "seats" VALUES(430,5,'B6','Lower');
INSERT INTO "seats" VALUES(431,5,'B7','Lower');
INSERT INTO "seats" VALUES(432,5,'B8','Lower');
INSERT INTO "seats" VALUES(433,5,'B9','Lower');
INSERT INTO "seats" VALUES(434,5,'B10','Lower');
INSERT INTO "seats" VALUES(435,5,'C1','Lower');
INSERT INTO "seats" VALUES(436,5,'C2','Lower');
INSERT INTO "seats" VALUES(437,5,'C3','Lower');
INSERT INTO "seats" VALUES(438,5,'C4','Lower');
INSERT INTO "seats" VALUES(439,5,'C5','Lower');
INSERT INTO "seats" VALUES(440,5,'C6','Lower');
INSERT INTO "seats" VALUES(441,5,'C7','Lower');
INSERT INTO "seats" VALUES(442,5,'C8','Lower');
INSERT INTO "seats" VALUES(443,5,'C9','Lower');
INSERT INTO "seats" VALUES(444,5,'C10','Lower');
INSERT INTO "seats" VALUES(445,5,'D1','Lower');
INSERT INTO "seats" VALUES(446,5,'D2','Lower');
INSERT INTO "seats" VALUES(447,5,'D3','Lower');
INSERT INTO "seats" VALUES(448,5,'D4','Lower');
INSERT INTO "seats" VALUES(449,5,'D5','Lower');
INSERT INTO "seats" VALUES(450,5,'D6','Lower');
INSERT INTO "seats" VALUES(451,5,'D7','Lower');
INSERT INTO "seats" VALUES(452,5,'D8','Lower');
INSERT INTO "seats" VALUES(453,5,'D9','Lower');
INSERT INTO "seats" VALUES(454,5,'D10','Lower');
INSERT INTO "seats" VALUES(455,5,'E1','Lower');
INSERT INTO "seats" VALUES(456,5,'E2','Lower');
INSERT INTO "seats" VALUES(457,5,'E3','Lower');
INSERT INTO "seats" VALUES(458,5,'E4','Lower');
INSERT INTO "seats" VALUES(459,5,'E5','Lower');
INSERT INTO "seats" VALUES(460,5,'E6','Lower');
INSERT INTO "seats" VALUES(461,5,'E7','Lower');
INSERT INTO "seats" VALUES(462,5,'E8','Lower');
INSERT INTO "seats" VALUES(463,5,'E9','Lower');
INSERT INTO "seats" VALUES(464,5,'E10','Lower');
INSERT INTO "seats" VALUES(465,5,'F1','Lower');
INSERT INTO "seats" VALUES(466,5,'F2','Lower');
INSERT INTO "seats" VALUES(467,5,'F3','Lower');
INSERT INTO "seats" VALUES(468,5,'F4','Lower');
INSERT INTO "seats" VALUES(469,5,'F5','Lower');
INSERT INTO "seats" VALUES(470,5,'E1','Upper');
INSERT INTO "seats" VALUES(471,5,'E2','Upper');
INSERT INTO "seats" VALUES(472,5,'E3','Upper');
INSERT INTO "seats" VALUES(473,5,'E4','Upper');
INSERT INTO "seats" VALUES(474,5,'E5','Upper');
INSERT INTO "seats" VALUES(475,5,'E6','Upper');
INSERT INTO "seats" VALUES(476,5,'E7','Upper');
INSERT INTO "seats" VALUES(477,5,'E8','Upper');
INSERT INTO "seats" VALUES(478,5,'E9','Upper');
INSERT INTO "seats" VALUES(479,5,'E10','Upper');
INSERT INTO "seats" VALUES(480,5,'F1','Upper');
INSERT INTO "seats" VALUES(481,5,'F2','Upper');
INSERT INTO "seats" VALUES(482,5,'F3','Upper');
INSERT INTO "seats" VALUES(483,5,'F4','Upper');
INSERT INTO "seats" VALUES(484,5,'F5','Upper');
INSERT INTO "seats" VALUES(485,5,'F6','Upper');
INSERT INTO "seats" VALUES(486,5,'F7','Upper');
INSERT INTO "seats" VALUES(487,5,'F8','Upper');
INSERT INTO "seats" VALUES(488,5,'F9','Upper');
INSERT INTO "seats" VALUES(489,5,'F10','Upper');
INSERT INTO "seats" VALUES(490,5,'G1','Upper');
INSERT INTO "seats" VALUES(491,5,'G2','Upper');
INSERT INTO "seats" VALUES(492,5,'G3','Upper');
INSERT INTO "seats" VALUES(493,5,'G4','Upper');
INSERT INTO "seats" VALUES(494,5,'G5','Upper');
INSERT INTO "seats" VALUES(495,5,'G6','Upper');
INSERT INTO "seats" VALUES(496,5,'G7','Upper');
INSERT INTO "seats" VALUES(497,5,'G8','Upper');
INSERT INTO "seats" VALUES(498,5,'G9','Upper');
INSERT INTO "seats" VALUES(499,5,'G10','Upper');
INSERT INTO "seats" VALUES(500,5,'VIP-01','VIP');
INSERT INTO "seats" VALUES(501,5,'VIP-02','VIP');
INSERT INTO "seats" VALUES(502,5,'VIP-03','VIP');
INSERT INTO "seats" VALUES(503,5,'VIP-04','VIP');
INSERT INTO "seats" VALUES(504,5,'VIP-05','VIP');
INSERT INTO "seats" VALUES(505,5,'VIP-06','VIP');
CREATE TABLE users (
    userId       INTEGER PRIMARY KEY AUTOINCREMENT,
    username     TEXT    NOT NULL UNIQUE,
    passwordHash TEXT    NOT NULL,
    email        TEXT    NOT NULL,
    role         TEXT    NOT NULL CHECK(role IN ('BookingStaff','Admin','Manager'))
);
INSERT INTO "users" VALUES(1,'admin','240be518fabd2724ddb6f04eeb1da5967448d7e831c08c8fa822809f74c720a9','admin@horizon.com','Admin');
INSERT INTO "users" VALUES(2,'manager','866485796cfa8d7c0cf7111640205b83076433547577511d81f8030ae99ecea5','manager@horizon.com','Manager');
INSERT INTO "users" VALUES(3,'staff1','10176e7b7b24d317acfcf8d2064cfd2f24e154f7b5a96603077d5ef813d6a6b6','staff1@horizon.com','BookingStaff');
INSERT INTO "users" VALUES(4,'staff2','8f5dada329d6ade1fdba5e207b5a81b312ae838801ca287a00e9428620808dce','staff2@horizon.com','BookingStaff');
CREATE INDEX idx_listings_date     ON listings(showDate);
CREATE INDEX idx_listings_screen   ON listings(screenId);
CREATE INDEX idx_bookings_ref      ON bookings(bookingRef);
CREATE INDEX idx_bookings_listing  ON bookings(listingId);
CREATE INDEX idx_booked_seats_bk   ON booked_seats(bookingId);
CREATE INDEX idx_booked_seats_seat ON booked_seats(seatId);
CREATE INDEX idx_seats_screen      ON seats(screenId);
DELETE FROM "sqlite_sequence";
INSERT INTO "sqlite_sequence" VALUES('pricing_rules',12);
INSERT INTO "sqlite_sequence" VALUES('cinemas',4);
INSERT INTO "sqlite_sequence" VALUES('screens',5);
INSERT INTO "sqlite_sequence" VALUES('seats',505);
INSERT INTO "sqlite_sequence" VALUES('films',5);
INSERT INTO "sqlite_sequence" VALUES('listings',42);
INSERT INTO "sqlite_sequence" VALUES('users',4);
COMMIT;
